{"cameraMode":{"drawMode":0,"name":"Shaded","section":"Shading Mode"},"sceneLighting":false,"audioPlay":false,"sceneViewState":{"showFog":true,"showMaterialUpdate":false,"showSkybox":false,"showFlares":true,"showImageEffects":true,"showParticleSystems":true},"in2DMode":false,"pivot":{"x":31.883804321289064,"y":-11.233650207519532,"z":-39.36054992675781},"rotation":{"x":0.16357645392417909,"y":0.3863776922225952,"z":-0.06983265280723572,"w":0.9050357937812805},"size":139.94557189941407,"orthographic":false}