{"cameraMode":{"drawMode":0,"name":"Shaded","section":"Shading Mode"},"sceneLighting":false,"audioPlay":false,"sceneViewState":{"showFog":true,"showMaterialUpdate":false,"showSkybox":true,"showFlares":true,"showImageEffects":true,"showParticleSystems":true},"in2DMode":false,"pivot":{"x":-354.9125061035156,"y":-223.9007568359375,"z":-2448.1455078125},"rotation":{"x":0.16174326837062837,"y":0.2501281797885895,"z":-0.04241332784295082,"w":0.9536716938018799},"size":503.8692932128906,"orthographic":true}