{"cameraMode":{"drawMode":0,"name":"Shaded","section":"Shading Mode"},"sceneLighting":false,"audioPlay":false,"sceneViewState":{"showFog":true,"showMaterialUpdate":false,"showSkybox":true,"showFlares":true,"showImageEffects":true,"showParticleSystems":true},"in2DMode":false,"pivot":{"x":-316.1608581542969,"y":-169.27734375,"z":-2463.64453125},"rotation":{"x":0.42817795276641848,"y":-0.009488528594374657,"z":0.004495840985327959,"w":0.9036363959312439},"size":129.19589233398438,"orthographic":true}