{"cameraMode":{"drawMode":0,"name":"Shaded","section":"Shading Mode"},"sceneLighting":false,"audioPlay":false,"sceneViewState":{"showFog":true,"showMaterialUpdate":false,"showSkybox":true,"showFlares":true,"showImageEffects":true,"showParticleSystems":true},"in2DMode":false,"pivot":{"x":-327.90765380859377,"y":-168.55210876464845,"z":-2470.59228515625},"rotation":{"x":0.49202173948287966,"y":0.015668660402297975,"z":-0.008858343586325646,"w":0.8704021573066711},"size":98.20316314697266,"orthographic":true}