{"cameraMode":{"drawMode":0,"name":"Shaded","section":"Shading Mode"},"sceneLighting":true,"audioPlay":false,"sceneViewState":{"showFog":true,"showMaterialUpdate":false,"showSkybox":true,"showFlares":true,"showImageEffects":true,"showParticleSystems":true},"in2DMode":false,"pivot":{"x":5.279606342315674,"y":2.393510580062866,"z":-1.0154473781585694},"rotation":{"x":0.07953298091888428,"y":0.8436592817306519,"z":-0.13036395609378816,"w":0.5147026181221008},"size":23.515766143798829,"orthographic":false}